City_ID,City,Country,Lat,Lng,Max Temp,Humidity,Cloudiness,Wind Speed,Current Description
0,Calama,CL,-22.4667,-68.9333,52.29,17,0,16.11,clear sky
1,Wabash,US,40.7978,-85.8205,81.12,74,4,7.18,clear sky
2,Bluff,NZ,-46.6,168.3333,41.81,58,82,6.38,broken clouds
3,Sola,VU,-13.8833,167.55,80.17,79,94,17.74,overcast clouds
4,Katsuura,JP,35.1333,140.3,73.71,87,58,9.48,broken clouds
5,Rikitea,PF,-23.1203,-134.9692,75.58,73,9,13.56,clear sky
6,Ahuimanu,US,21.4447,-157.8378,83.34,64,75,16.11,light rain
7,Chokurdakh,RU,70.6333,147.9167,44.94,47,88,16.24,overcast clouds
8,Itarema,BR,-2.9248,-39.9167,74.44,86,100,9.35,overcast clouds
9,Hithadhoo,MV,-0.6,73.0833,83.93,69,36,10.65,scattered clouds
10,Rodionovo-Nesvetayskaya,RU,47.6103,39.7121,57.72,66,9,4.38,clear sky
11,Rio Gallegos,AR,-51.6226,-69.2181,34.61,80,100,21.27,overcast clouds
12,Albany,US,42.6001,-73.9662,63.18,80,100,3.0,overcast clouds
13,Douentza,ML,14.9951,-2.9517,85.82,51,100,11.7,overcast clouds
14,Waingapu,ID,-9.6567,120.2641,82.0,62,45,17.87,scattered clouds
15,Odenthal,DE,51.0348,7.1182,67.86,55,0,6.91,clear sky
16,Butaritari,KI,3.0707,172.7902,81.46,77,98,10.83,moderate rain
17,Constitucion,CL,-35.3333,-72.4167,52.52,87,100,18.68,light rain
18,Vaini,TO,-21.2,-175.2,77.16,61,20,11.5,few clouds
19,Grootfontein,NA,-19.5667,18.1167,48.52,35,0,4.29,clear sky
20,Airai,TL,-8.9266,125.4092,66.72,67,81,5.41,light rain
21,New Norfolk,AU,-42.7826,147.0587,56.91,82,100,4.0,overcast clouds
22,Atuona,PF,-9.8,-139.0333,78.35,63,0,19.64,clear sky
23,Ushuaia,AR,-54.8,-68.3,35.26,93,100,23.02,light rain
24,Hermanus,ZA,-34.4187,19.2345,59.81,87,100,11.05,overcast clouds
25,Dudinka,RU,69.4058,86.1778,78.62,35,0,8.1,clear sky
26,Tuktoyaktuk,CA,69.4541,-133.0374,43.74,69,100,7.07,overcast clouds
27,Castro,BR,-24.7911,-50.0119,59.31,90,0,4.52,clear sky
28,Mar Del Plata,AR,-38.0023,-57.5575,43.95,63,19,4.61,few clouds
29,Iqaluit,CA,63.7506,-68.5145,41.7,66,100,8.01,overcast clouds
30,Cairns,AU,-16.9167,145.7667,78.12,69,100,19.57,overcast clouds
31,El Tarra,CO,8.5756,-73.0949,75.16,94,74,2.53,broken clouds
32,Geraldton,AU,-28.7667,114.6,55.81,94,100,12.66,overcast clouds
33,Porto Walter,BR,-8.2686,-72.7439,76.75,69,100,2.93,overcast clouds
34,Marzuq,YE,14.4,46.4667,77.65,47,45,4.5,scattered clouds
35,Mataura,NZ,-46.1927,168.8643,41.49,50,96,2.06,overcast clouds
36,Avarua,CK,-21.2078,-159.775,82.45,83,40,17.27,scattered clouds
37,Dunedin,NZ,-45.8742,170.5036,51.8,58,100,1.34,overcast clouds
38,Clyde River,CA,70.4692,-68.5914,34.03,93,100,17.27,light snow
39,Gladstone,AU,-23.85,151.25,72.79,46,0,5.75,clear sky
40,Tasiilaq,GL,65.6145,-37.6368,30.36,81,10,5.48,clear sky
41,Cuetzalan,MX,20.0333,-97.5167,65.64,95,98,1.32,overcast clouds
42,Shiraoi,JP,42.55,141.35,62.2,95,100,6.46,overcast clouds
43,Dukat,RU,62.55,155.55,51.49,79,100,9.64,overcast clouds
44,Catalao,BR,-18.1658,-47.9464,63.01,49,100,6.17,overcast clouds
45,Petrovsk-Zabaykalskiy,RU,51.273,108.843,65.77,47,0,7.92,clear sky
46,Tiznit,MA,29.5833,-9.5,60.78,65,5,2.77,clear sky
47,Hilo,US,19.7297,-155.09,84.27,81,100,5.75,overcast clouds
48,Barra Patuca,HN,15.8,-84.2833,78.39,81,21,5.99,few clouds
49,Georgetown,MY,5.4112,100.3354,80.89,87,20,0.0,few clouds
50,Sitka,US,57.0531,-135.33,53.49,82,100,4.61,overcast clouds
51,Port Alfred,ZA,-33.5906,26.891,63.19,74,93,5.93,overcast clouds
52,Victoria,HK,22.2855,114.1577,89.65,78,52,5.01,broken clouds
53,Khatanga,RU,71.9667,102.5,53.49,38,87,13.62,overcast clouds
54,Baoro,CF,5.6667,15.9667,65.48,97,100,2.64,overcast clouds
55,Hasaki,JP,35.7333,140.8333,77.4,86,95,9.91,overcast clouds
56,San Jose,US,37.3394,-121.895,90.21,43,75,11.5,broken clouds
57,Bairiki,KI,1.3292,172.9752,86.0,74,20,10.36,few clouds
58,Bartica,GY,6.4,-58.6167,73.45,98,100,2.44,overcast clouds
59,Narsaq,GL,60.9167,-46.05,52.02,52,0,4.52,clear sky
60,Axim,GH,4.8699,-2.2405,74.7,93,95,5.01,light rain
61,Ossora,RU,59.2353,163.0719,50.97,85,99,7.7,overcast clouds
62,Lebu,CL,-37.6167,-73.65,48.45,90,100,7.83,heavy intensity rain
63,Leningradskiy,RU,69.3833,178.4167,51.53,53,86,9.15,overcast clouds
64,Thiadiaye,SN,14.4205,-16.7056,79.61,62,71,11.32,broken clouds
65,Pevek,RU,69.7008,170.3133,45.09,60,100,11.97,overcast clouds
66,Svetlogorsk,BY,52.6333,29.7333,54.1,91,66,9.98,broken clouds
67,Deputatskiy,RU,69.3,139.9,46.69,38,13,14.83,few clouds
68,Nizhnevartovsk,RU,60.9344,76.5531,59.02,100,75,7.0,broken clouds
69,Saint George,US,37.1041,-113.5841,92.62,18,0,14.97,clear sky
70,Tiksi,RU,71.6872,128.8694,40.66,63,100,22.86,overcast clouds
71,Verkhoyansk,RU,67.5447,133.385,55.87,55,58,2.73,broken clouds
72,Skibbereen,IE,51.55,-9.2667,53.11,92,0,3.6,clear sky
73,Nikolskoye,RU,59.7035,30.7861,49.91,72,91,3.04,overcast clouds
74,Coihaique,CL,-45.5752,-72.0662,25.41,86,0,1.14,clear sky
75,Cooma,AU,-36.2333,149.1333,49.37,70,100,4.54,overcast clouds
76,Guerrero Negro,MX,27.9769,-114.0611,73.87,59,0,18.21,clear sky
77,Bethel,US,41.3712,-73.414,61.65,95,99,1.01,overcast clouds
78,Vestmannaeyjar,IS,63.4427,-20.2734,46.78,74,100,4.03,overcast clouds
79,Port Elizabeth,ZA,-33.918,25.5701,59.31,87,100,1.99,overcast clouds
80,Camacha,PT,33.0833,-16.3333,63.82,72,40,8.05,scattered clouds
81,Coquimbo,CL,-29.9533,-71.3436,58.73,72,40,13.8,light rain
82,Ixtapa,MX,20.7,-105.2,84.22,74,100,8.05,overcast clouds
83,Marawi,PH,7.9986,124.2928,79.48,66,42,1.34,scattered clouds
84,Bilma,NE,18.6853,12.9164,89.91,14,5,5.28,clear sky
85,Yerofey Pavlovich,RU,53.9667,121.9667,58.98,95,100,3.8,overcast clouds
86,Nome,US,64.5011,-165.4064,44.17,96,100,14.54,overcast clouds
87,Salalah,OM,17.0151,54.0924,82.49,89,75,10.36,broken clouds
88,Bonthe,SL,7.5264,-12.505,77.81,86,100,8.14,light rain
89,Hobart,AU,-42.8794,147.3294,57.25,78,75,1.99,broken clouds
90,Aklavik,CA,68.2191,-135.0107,77.14,27,100,12.68,overcast clouds
91,Bowen,AU,-20.0167,148.2333,71.37,64,0,17.05,clear sky
92,Barrow,US,71.2906,-156.7887,42.82,87,100,13.8,mist
93,Jamestown,US,42.097,-79.2353,74.84,56,0,10.36,clear sky
94,Punta Arenas,CL,-53.15,-70.9167,39.11,60,100,14.88,overcast clouds
95,Acari,PE,-15.4311,-74.6158,64.24,70,91,2.42,overcast clouds
96,Busselton,AU,-33.65,115.3333,59.67,87,100,9.44,light rain
97,Krasnoselkup,RU,65.7,82.4667,74.28,41,0,11.59,clear sky
98,Montego Bay,JM,18.4712,-77.9188,78.78,81,90,6.2,overcast clouds
99,Faanui,PF,-16.4833,-151.75,80.33,66,20,8.79,few clouds
100,Esperance,AU,-33.8667,121.9,60.48,79,100,13.31,overcast clouds
101,Mysen,NO,59.5535,11.3258,58.69,91,100,1.01,light rain
102,Kangayam,IN,11.0,77.5667,76.17,72,100,15.9,overcast clouds
103,Prince Rupert,CA,54.3161,-130.3201,53.01,72,55,4.45,broken clouds
104,Hammerfest,NO,70.6634,23.6821,50.45,66,100,8.05,overcast clouds
105,Provideniya,RU,64.3833,-173.3,41.36,100,100,15.99,mist
106,Dikson,RU,73.5069,80.5464,38.19,91,100,17.4,light rain
107,Savelugu,GH,9.6244,-0.8253,74.37,85,100,4.16,overcast clouds
108,Kosonsoy,UZ,41.2561,71.5508,66.76,57,97,4.88,moderate rain
109,Kavieng,PG,-2.5744,150.7967,84.87,67,100,5.1,light rain
110,Grand Gaube,MU,-20.0064,57.6608,66.38,75,36,3.0,scattered clouds
111,Vestmanna,FO,62.1564,-7.1664,49.12,87,100,14.97,overcast clouds
112,Taitung,TW,22.7583,121.1444,88.07,70,20,2.3,few clouds
113,Kodiak,US,57.79,-152.4072,65.71,52,0,6.91,smoke
114,Botro,CI,7.8525,-5.3106,71.06,98,99,4.74,overcast clouds
115,Buchanan,LR,5.8808,-10.0467,76.35,89,98,7.36,light rain
116,Quatre Cocos,MU,-20.2078,57.7625,66.09,73,18,13.96,few clouds
117,Tucurui,BR,-3.7661,-49.6725,73.09,94,100,2.64,overcast clouds
118,Iquitos,PE,-3.7481,-73.2472,73.44,94,20,1.14,few clouds
119,Mayo,US,38.8876,-76.5119,73.67,93,100,14.97,mist
120,Puerto Ayora,EC,-0.7393,-90.3518,69.55,97,95,3.0,overcast clouds
121,Lexington,US,37.9887,-84.4777,76.14,76,0,6.91,clear sky
122,Cidreira,BR,-30.1811,-50.2056,61.34,97,100,4.59,overcast clouds
123,Ribeira Brava,PT,32.65,-17.0667,66.83,68,33,3.71,scattered clouds
124,Bardiyah,LY,31.7561,25.0865,73.44,86,0,13.42,clear sky
125,Yellowknife,CA,62.456,-114.3525,69.57,32,6,10.0,clear sky
126,Mogadishu,SO,2.0371,45.3438,77.85,76,99,18.86,overcast clouds
127,Henties Bay,NA,-22.116,14.2845,54.54,81,0,7.9,clear sky
128,Carnarvon,AU,-24.8667,113.6333,67.86,74,0,11.3,clear sky
129,Peachland,CA,49.7665,-119.7357,78.85,21,7,13.51,clear sky
130,Codajas,BR,-3.8367,-62.0569,76.44,80,85,1.72,overcast clouds
131,Bredasdorp,ZA,-34.5322,20.0403,58.71,83,100,5.99,overcast clouds
132,Yulara,AU,-25.2406,130.9889,58.77,40,0,5.84,clear sky
133,Sabla,NG,12.7525,4.7077,83.34,55,93,10.29,overcast clouds
134,Kiruna,SE,67.8557,20.2251,47.32,76,100,12.66,overcast clouds
135,Miles City,US,46.4083,-105.8406,81.57,36,0,5.75,clear sky
136,Margate,GB,51.3813,1.3862,61.3,90,2,3.0,clear sky
137,Tumbi,TZ,-5.0667,32.7333,59.45,53,2,4.79,clear sky
138,Bambous Virieux,MU,-20.3428,57.7575,66.22,69,11,13.04,few clouds
139,Massakory,TD,12.996,15.7293,87.84,44,70,6.62,broken clouds
140,Dingle,PH,10.9995,122.6711,84.0,74,59,4.21,broken clouds
141,Cherskiy,RU,68.75,161.3,57.51,60,100,10.42,light rain
142,Sur,OM,22.5667,59.5289,85.08,69,72,15.66,broken clouds
143,Linfen,CN,36.0889,111.5189,83.75,53,0,2.08,clear sky
144,Les Cayes,HT,18.2,-73.75,77.88,86,41,5.3,scattered clouds
145,Notre-Dame-Du-Lac,CA,47.6136,-68.7964,64.87,59,100,9.93,overcast clouds
146,Plettenberg Bay,ZA,-34.0527,23.3716,62.01,67,69,6.87,broken clouds
147,Portland,US,45.5234,-122.6762,79.38,56,20,9.22,few clouds
148,Camopi,GF,3.1655,-52.3158,72.68,98,95,2.3,overcast clouds
149,Ketchikan,US,55.3422,-131.6461,55.08,63,100,4.92,overcast clouds
150,Hambantota,LK,6.1241,81.1185,77.34,100,40,5.75,scattered clouds
151,Kitgum,UG,3.2783,32.8867,65.39,91,87,3.8,light rain
152,Anju,KP,39.6178,125.6647,71.02,90,100,7.45,heavy intensity rain
153,Mineiros,BR,-17.5694,-52.5511,66.74,45,20,3.31,few clouds
154,Oktyabrskiy,RU,54.4815,53.471,59.32,96,100,2.55,overcast clouds
155,Ashland,US,40.8167,-82.2665,78.76,72,68,8.99,broken clouds
156,Upernavik,GL,72.7868,-56.1549,33.98,89,100,9.98,overcast clouds
157,Rjukan,NO,59.8789,8.5941,56.44,83,76,4.92,light rain
158,San Cristobal,VE,7.7669,-72.225,75.38,88,5,2.35,clear sky
159,Zaysan,KZ,47.4667,84.8667,84.99,20,7,2.98,clear sky
160,Neiafu,TO,-18.65,-173.9833,79.48,69,20,9.22,few clouds
161,Aykhal,RU,66.0,111.5,78.93,28,100,12.66,overcast clouds
162,Qaanaaq,GL,77.484,-69.3632,38.98,62,20,1.81,few clouds
163,Port Hawkesbury,CA,45.6169,-61.3485,56.91,95,20,5.99,few clouds
164,Petropavlovsk-Kamchatskiy,RU,53.0452,158.6483,64.99,59,0,11.18,clear sky
165,Amga,RU,60.8953,131.9608,77.52,38,11,4.85,few clouds
166,Mahebourg,MU,-20.4081,57.7,66.25,68,13,12.48,few clouds
167,Batagay,RU,67.6333,134.6333,56.01,46,84,5.03,broken clouds
168,Thompson,CA,55.7435,-97.8558,66.36,68,75,5.75,broken clouds
169,Guaratinga,BR,-16.5667,-39.5667,64.76,97,5,1.59,clear sky
170,Tambovka,RU,50.0969,128.0489,71.82,79,73,6.35,broken clouds
171,Kahului,US,20.8947,-156.47,82.98,65,40,20.71,scattered clouds
172,Sinnamary,GF,5.3833,-52.95,77.07,87,17,6.96,few clouds
173,Port Augusta,AU,-32.5,137.7667,62.08,59,0,14.79,clear sky
174,Ballina,AU,-28.8667,153.5667,66.02,75,0,3.31,clear sky
175,Kapaa,US,22.0752,-159.319,79.48,77,100,10.36,light rain
176,Lompoc,US,34.6391,-120.4579,76.84,72,0,14.97,clear sky
177,Necochea,AR,-38.5473,-58.7368,40.05,67,47,1.63,scattered clouds
178,Ajaccio,FR,42.0,8.9167,68.05,78,0,4.61,clear sky
179,Assiniboia,CA,49.6334,-105.9845,77.76,39,8,13.38,clear sky
180,Saint-Philippe,RE,-21.3585,55.7679,63.99,80,82,15.59,light rain
181,Beira,MZ,-19.8436,34.8389,66.94,88,73,3.69,moderate rain
182,Zhangye,CN,38.9342,100.4517,78.89,31,1,5.39,clear sky
183,Alugan,PH,12.2188,125.4808,81.61,80,100,6.08,overcast clouds
184,Longyearbyen,SJ,78.2186,15.6401,44.44,70,75,18.41,broken clouds
185,Kapit,MY,2.0167,112.9333,75.79,97,100,1.43,overcast clouds
186,Kaitangata,NZ,-46.2817,169.8464,44.83,48,83,3.22,broken clouds
187,Cabo San Lucas,MX,22.8909,-109.9124,92.61,51,0,16.11,clear sky
188,Tamandare,BR,-8.7597,-35.1047,74.7,94,100,5.91,overcast clouds
189,Lagoa,PT,39.05,-27.9833,64.31,83,100,13.6,overcast clouds
190,Cayenne,GF,4.9333,-52.3333,79.09,1,47,0.0,scattered clouds
191,Neijiang,CN,29.5835,105.0622,73.15,98,100,8.48,light rain
192,Manzhouli,CN,49.6,117.4333,65.79,65,100,6.17,heavy intensity rain
193,Luderitz,NA,-26.6481,15.1594,56.08,72,0,7.2,clear sky
194,Yuli,NG,9.6989,10.2744,75.78,78,100,4.12,overcast clouds
195,Mantua,IT,45.1667,10.7833,71.1,87,5,3.0,clear sky
196,Cape Town,ZA,-33.9258,18.4232,59.11,93,44,4.0,scattered clouds
197,Lewisville,US,33.0462,-96.9942,97.16,39,0,5.75,clear sky
198,Torbay,CA,47.6666,-52.7314,59.58,77,27,3.0,scattered clouds
199,Goderich,CA,43.7501,-81.7165,65.91,76,0,13.78,clear sky
200,Warmbad,NA,-28.45,18.7333,51.94,79,93,9.13,overcast clouds
201,Arraial Do Cabo,BR,-22.9661,-42.0278,70.27,87,0,18.81,clear sky
202,Morondava,MG,-20.2833,44.2833,64.38,79,0,10.56,clear sky
203,Balgazyn,RU,51.0,95.2,70.77,50,1,3.65,clear sky
204,Fershampenuaz,RU,53.5202,59.8117,61.57,90,100,5.57,light rain
205,Alofi,NU,-19.0595,-169.9187,78.69,69,20,12.66,few clouds
206,Mehamn,NO,71.0357,27.8492,42.75,87,24,10.36,few clouds
207,Kandi,BJ,11.1342,2.9386,74.35,80,53,4.29,broken clouds
208,Yerbogachen,RU,61.2767,108.0108,70.25,48,44,6.33,scattered clouds
209,Chernyshevskiy,RU,63.0128,112.4714,75.06,34,100,0.83,overcast clouds
210,Kudahuvadhoo,MV,2.6708,72.8944,82.54,73,89,3.13,overcast clouds
211,Sakakah,SA,29.9697,40.2064,76.68,42,0,9.51,clear sky
212,Severo-Kurilsk,RU,50.6789,156.125,48.2,88,75,17.13,broken clouds
213,Meulaboh,ID,4.1363,96.1285,76.23,87,100,4.76,overcast clouds
214,Fortuna,US,40.5982,-124.1573,67.93,74,0,5.99,clear sky
215,Kalmunai,LK,7.4167,81.8167,79.36,76,100,7.78,overcast clouds
216,Arica,CL,-18.475,-70.3042,57.43,77,0,6.91,clear sky
217,Ewa Beach,US,21.3156,-158.0072,83.57,56,75,16.11,broken clouds
218,Koslan,RU,63.4564,48.8989,51.06,63,100,5.41,overcast clouds
219,Hervey Bay,AU,-25.2986,152.8535,69.03,69,0,7.0,clear sky
220,Manta,EC,-0.95,-80.7333,71.38,88,100,8.05,overcast clouds
221,Haines Junction,CA,60.7522,-137.5108,65.16,49,100,6.44,light rain
222,Zeya,RU,53.75,127.2667,67.08,81,99,3.15,light rain
223,Taoudenni,ML,22.6783,-3.9836,97.65,21,0,12.86,clear sky
224,San Carlos De Bariloche,AR,-41.1456,-71.3082,28.89,92,99,2.57,overcast clouds
225,Bac Lieu,VN,9.285,105.7244,83.5,72,98,3.11,overcast clouds
226,Ribeira Grande,PT,38.5167,-28.7,65.34,83,97,17.85,overcast clouds
227,San Patricio,US,28.017,-97.5169,89.19,58,0,12.95,clear sky
228,College,US,64.8569,-147.8028,78.01,35,75,5.75,broken clouds
229,Tahoua,NE,14.8888,5.2692,86.22,42,38,8.55,scattered clouds
230,Juneau,US,58.3019,-134.4197,55.4,98,100,0.0,overcast clouds
231,Bambanglipuro,ID,-7.95,110.2833,80.55,78,98,11.7,overcast clouds
232,Kazerun,IR,29.6195,51.6541,80.11,23,0,1.77,clear sky
233,Beringovskiy,RU,63.05,179.3167,46.72,86,100,12.44,overcast clouds
234,Nelson,NZ,-41.2833,173.2833,52.29,82,100,1.01,overcast clouds
235,Huitziltepec,MX,17.8167,-99.4667,65.86,85,100,5.66,overcast clouds
236,Noumea,NC,-22.2763,166.4572,75.18,99,100,5.12,overcast clouds
237,Talnakh,RU,69.4865,88.3972,78.21,29,0,5.35,clear sky
238,Byron Bay,AU,-28.65,153.6167,65.95,63,0,2.35,clear sky
239,Kamaishi,JP,39.2667,141.8833,69.73,77,100,9.71,overcast clouds
240,Turukhansk,RU,65.8167,87.9833,77.02,36,4,10.76,clear sky
241,Otradnoye,RU,59.7775,30.8181,50.09,72,97,3.15,overcast clouds
242,Okhotsk,RU,59.3833,143.3,50.54,87,100,7.05,overcast clouds
243,Abnub,EG,27.2696,31.1511,77.99,43,0,11.92,clear sky
244,Ukiah,US,39.1502,-123.2078,96.17,28,0,9.22,clear sky
245,Flic En Flac,MU,-20.2742,57.3631,66.52,70,1,12.93,clear sky
246,Pak Phanang,TH,8.3511,100.202,80.17,82,100,7.96,overcast clouds
247,Ginda,IN,30.6945,78.4932,68.2,43,1,3.13,clear sky
248,Saskylakh,RU,71.9167,114.0833,51.71,42,42,9.06,scattered clouds
249,Kalga,RU,50.9251,118.898,70.99,51,98,6.38,overcast clouds
250,Codrington,AU,-38.2667,141.9667,57.56,73,100,18.34,overcast clouds
251,Ancud,CL,-41.8697,-73.8203,37.22,77,3,6.91,clear sky
252,Port Macquarie,AU,-31.4333,152.9167,62.89,46,0,1.14,clear sky
253,Boa Vista,BR,2.8197,-60.6733,80.58,78,40,1.14,scattered clouds
254,Lavrentiya,RU,65.5833,-171.0,47.46,78,61,11.43,broken clouds
255,Touros,BR,-5.1989,-35.4608,74.89,90,100,6.38,light rain
256,Bengkulu,ID,-3.8004,102.2655,76.37,88,100,3.53,overcast clouds
257,Kirakira,SB,-10.4544,161.9205,83.86,72,50,5.79,scattered clouds
258,Monrovia,LR,6.3005,-10.7969,74.97,85,97,5.91,light rain
259,Miranda,CO,3.2499,-76.2281,65.82,95,77,5.84,broken clouds
260,Buala,SB,-8.145,159.5921,85.06,69,29,5.57,light rain
261,Lachhmangarh,IN,27.8214,75.0251,83.79,59,0,5.75,clear sky
262,Teya,RU,60.3778,92.6267,70.68,43,65,6.51,broken clouds
263,Kruisfontein,ZA,-34.0033,24.7314,59.9,57,100,6.42,overcast clouds
264,Ust-Maya,RU,60.4167,134.5333,80.24,52,12,2.55,light rain
265,Ilulissat,GL,69.2167,-51.1,37.42,81,100,3.44,overcast clouds
266,San Carlos Del Zulia,VE,9.0,-71.9135,77.56,82,31,4.21,scattered clouds
267,Jose De Freitas,BR,-4.7564,-42.5756,76.15,58,100,2.19,overcast clouds
268,Serowe,BW,-22.3833,26.7167,51.48,70,0,11.9,clear sky
269,Cockburn Town,TC,21.4612,-71.1419,81.14,74,2,9.75,clear sky
270,Manakara,MG,-22.1333,48.0167,66.07,87,100,10.25,light rain
271,La Ronge,CA,55.1001,-105.2842,60.24,67,51,4.83,broken clouds
272,Road Town,VG,18.4167,-64.6167,82.44,78,20,5.75,few clouds
273,Saint-Francois,FR,46.4154,3.9054,60.24,94,0,3.44,clear sky
274,San Rafael,AR,-34.6177,-68.3301,33.15,85,45,3.53,scattered clouds
275,Inirida,CO,3.8653,-67.9239,73.63,95,98,1.39,overcast clouds
276,Colotlan,MX,22.1,-103.2667,76.55,41,87,21.34,overcast clouds
277,Werda,BW,-25.2667,23.2833,51.69,68,86,6.2,overcast clouds
278,Sterling,US,39.0062,-77.4286,73.42,95,100,6.91,thunderstorm
279,Sarh,TD,9.1429,18.3923,73.27,70,100,6.69,overcast clouds
280,Okha,RU,53.5739,142.9478,63.16,70,100,16.37,overcast clouds
281,Talmenka,RU,53.8183,83.5677,69.39,88,5,7.43,clear sky
282,Mega,ET,4.05,38.3,57.34,84,100,16.84,overcast clouds
283,Yendi,GH,9.4427,-0.0099,71.46,94,100,3.24,overcast clouds
284,Sioux Lookout,CA,50.1001,-91.917,67.77,48,31,6.64,scattered clouds
285,Port Hueneme,US,34.1478,-119.1951,94.51,69,0,13.8,clear sky
286,Lander,US,42.833,-108.7307,85.01,12,0,8.1,clear sky
287,Broken Hill,AU,-31.95,141.4333,58.77,55,100,12.97,overcast clouds
288,Srednekolymsk,RU,67.45,153.6833,50.81,65,99,15.75,overcast clouds
289,Coxim,BR,-18.5067,-54.76,74.16,41,0,0.47,clear sky
290,Camana,PE,-16.6228,-72.7111,62.2,77,36,5.68,scattered clouds
291,Bathsheba,BB,13.2167,-59.5167,81.21,83,40,13.8,scattered clouds
292,Barberton,ZA,-25.7884,31.0532,53.24,94,68,1.57,light rain
293,Clearwater,US,27.9659,-82.8001,85.17,68,0,6.91,clear sky
294,La Romana,DO,18.4273,-68.9728,78.13,79,17,7.29,few clouds
295,Uryupinsk,RU,50.8047,42.0138,60.62,94,100,3.91,overcast clouds
296,Ayr,GB,55.4627,-4.6339,57.51,94,100,3.44,overcast clouds
297,Coahuayana,MX,18.7333,-103.6833,80.29,80,100,3.04,overcast clouds
298,Parlakimidi,IN,18.7667,84.0833,82.15,76,100,1.41,overcast clouds
299,Nuuk,GL,64.1835,-51.7216,36.21,93,100,8.05,fog
300,Erenhot,CN,43.6475,111.9767,75.61,27,9,19.64,clear sky
301,Kaniama,CD,-7.5667,24.1833,64.09,52,0,4.81,clear sky
302,Sterlibashevo,RU,53.4376,55.2578,64.15,83,100,7.96,overcast clouds
303,Los Llanos De Aridane,ES,28.6585,-17.9182,65.95,89,100,9.22,overcast clouds
304,Baruun-Urt,MN,46.6806,113.2792,68.0,45,7,15.57,clear sky
305,Aconibe,GQ,1.2968,10.9369,64.9,99,75,2.68,broken clouds
306,Kribi,CM,2.95,9.9167,75.52,87,100,7.81,overcast clouds
307,Port Hedland,AU,-20.3167,118.5667,75.25,31,4,13.8,clear sky
308,Sao Filipe,CV,14.8961,-24.4956,75.7,92,55,4.09,broken clouds
309,Bykovo,RU,55.6361,38.0803,55.76,71,0,6.71,clear sky
310,Raga,SS,8.4596,25.678,70.79,81,18,4.09,light rain
311,San Pedro,PH,14.35,121.0167,83.35,76,100,6.82,overcast clouds
312,Faya,SA,18.3851,42.4509,66.72,61,95,2.28,light rain
313,Riyadh,SA,24.6877,46.7219,89.74,11,1,7.14,clear sky
314,Port Lincoln,AU,-34.7333,135.8667,61.43,58,3,20.31,clear sky
315,Sao Felix Do Xingu,BR,-6.6447,-51.995,77.29,66,100,1.72,overcast clouds
316,Araouane,ML,18.9048,-3.5265,96.85,18,97,7.94,overcast clouds
317,Carndonagh,IE,55.25,-7.2667,50.5,97,38,3.04,scattered clouds
318,Ranong,TH,9.9658,98.6348,80.53,82,94,4.52,overcast clouds
319,Whitianga,NZ,-36.8333,175.7,56.52,63,5,5.37,clear sky
320,Alice Springs,AU,-23.7,133.8833,58.55,55,0,8.05,clear sky
321,Pangnirtung,CA,66.1451,-65.7125,47.1,65,0,1.83,clear sky
322,Vila Velha,BR,-20.3297,-40.2925,73.35,93,40,5.75,scattered clouds
323,Diego De Almagro,CL,-26.3667,-70.05,45.82,61,4,1.34,clear sky
324,Panguna,PG,-6.3164,155.4848,82.78,56,47,2.98,scattered clouds
325,Birjand,IR,32.8663,59.2211,74.1,19,59,10.11,broken clouds
326,Avera,US,33.194,-82.5271,89.65,28,0,4.34,clear sky
327,Krasnyy Chikoy,RU,50.3643,108.7512,63.46,59,67,6.22,broken clouds
328,Bolitoc,PH,15.7395,119.8769,81.68,71,100,3.76,overcast clouds
329,Santiago,CL,-33.4569,-70.6483,53.85,68,75,4.61,light rain
330,Manyana,BW,-23.4,21.7167,46.13,48,0,7.4,clear sky
331,Udachnyy,RU,66.4167,112.4,77.45,46,34,8.5,scattered clouds
332,Wundanyi,KE,-3.4019,38.364,55.6,89,60,4.32,broken clouds
333,Khingansk,RU,49.1167,131.1833,63.57,85,100,8.05,overcast clouds
334,Broome,US,42.2506,-75.833,66.88,80,100,11.5,overcast clouds
335,Havoysund,NO,70.9963,24.6622,44.83,80,74,12.41,broken clouds
336,Talara,PE,-4.5772,-81.2719,63.77,86,44,17.16,scattered clouds
337,Ulladulla,AU,-35.35,150.4667,53.76,56,100,3.76,overcast clouds
338,Penzance,GB,50.1186,-5.5371,59.61,86,0,8.46,clear sky
339,Malatya,TR,38.5,38.0,53.65,67,0,4.61,clear sky
340,Charters Towers,AU,-20.1,146.2667,69.85,41,0,12.1,clear sky
341,Sitarganj,IN,28.9333,79.7,86.45,46,0,2.39,clear sky
342,Ashibetsu,JP,43.5097,142.1856,58.68,97,100,3.69,moderate rain
343,Stornoway,GB,58.2093,-6.3865,53.92,93,100,17.27,overcast clouds
344,Kenai,US,60.5544,-151.2583,76.03,46,0,13.8,clear sky
345,Reforma,MX,18.1,-91.0167,76.28,87,89,5.57,overcast clouds
346,Jiwani,PK,25.05,61.7417,82.62,84,100,9.84,light rain
347,Adrar,MR,20.5022,-10.0711,89.17,30,0,11.77,clear sky
348,Chuy,UY,-33.6971,-53.4616,51.6,69,100,10.09,overcast clouds
349,Esil,KZ,51.9556,66.4042,66.58,78,80,4.56,broken clouds
350,Goma,CD,-1.6792,29.2228,59.77,88,65,1.77,broken clouds
351,Souillac,MU,-20.5167,57.5167,69.85,67,28,10.6,scattered clouds
352,Norman Wells,CA,65.282,-126.8329,75.07,19,82,6.38,broken clouds
353,Port-Gentil,GA,-0.7193,8.7815,72.09,79,100,12.84,overcast clouds
354,Maumere,ID,-8.6199,122.2111,81.46,67,100,5.91,overcast clouds
355,Genhe,CN,50.7833,121.5167,74.64,41,100,2.55,overcast clouds
356,Auki,SB,-8.7676,160.7034,86.52,61,13,1.21,few clouds
357,Pacific Grove,US,36.6177,-121.9166,69.21,86,75,8.05,haze
358,Ures,MX,29.4333,-110.4,103.06,20,0,9.86,clear sky
359,Guasdualito,VE,7.2424,-70.7324,74.93,88,5,3.04,clear sky
360,Maceio,BR,-9.6658,-35.7353,71.04,94,100,9.22,mist
361,Contai,IN,21.7786,87.7536,84.61,72,15,9.13,few clouds
362,Bumba,CD,2.1833,22.4667,70.5,96,82,0.56,broken clouds
363,Baracoa,CU,20.3467,-74.4958,78.69,84,78,3.62,broken clouds
364,Novikovo,RU,51.1537,37.8879,57.27,97,86,2.21,overcast clouds
365,Kysyl-Syr,RU,63.8986,122.7617,74.64,51,100,4.21,overcast clouds
366,Suez,EG,29.9737,32.5263,72.1,67,0,7.25,clear sky
367,Paamiut,GL,61.994,-49.6678,37.31,93,14,22.93,few clouds
368,Todos Santos,MX,23.45,-110.2167,76.44,72,8,7.72,clear sky
369,Thinadhoo,MV,0.5333,72.9333,82.94,71,23,6.08,few clouds
370,Ponta Do Sol,PT,32.6667,-17.1,66.83,67,40,4.65,scattered clouds
371,Yar-Sale,RU,66.8333,70.8333,69.94,61,7,6.42,clear sky
372,Indramayu,ID,-6.3264,108.32,79.66,77,94,6.44,overcast clouds
373,Huilong,CN,31.8111,121.655,88.93,59,76,14.03,broken clouds
374,Bayir,TR,37.2687,28.2167,64.92,55,5,3.85,clear sky
375,Barranca,PE,-10.75,-77.7667,61.81,80,15,10.04,few clouds
376,Inhambane,MZ,-23.865,35.3833,69.19,70,100,9.89,overcast clouds
377,Prado,BR,-17.3411,-39.2208,71.38,88,6,5.75,clear sky
378,Kalaleh,IR,37.3807,55.4916,73.72,66,98,4.12,overcast clouds
379,Port Moresby,PG,-9.4431,147.1797,82.9,70,73,9.22,broken clouds
380,Nantucket,US,41.2835,-70.0995,64.02,93,0,9.22,clear sky
381,Urucara,BR,-2.5364,-57.76,75.79,74,33,2.84,scattered clouds
382,Isangel,VU,-19.55,169.2667,75.47,64,96,10.33,overcast clouds
383,Billings,US,45.7833,-108.5007,86.29,24,0,5.01,clear sky
384,Ponta Delgada,PT,37.7333,-25.6667,64.51,88,40,10.36,light rain
385,Namatanai,PG,-3.6667,152.4333,85.35,66,93,4.29,overcast clouds
386,Tuatapere,NZ,-46.1333,167.6833,47.84,58,100,3.71,overcast clouds
387,Emerald,AU,-23.5333,148.1667,67.33,52,0,12.3,clear sky
388,Southbridge,US,42.0751,-72.0334,62.71,95,10,3.47,clear sky
389,Fare,PF,-16.7,-151.0167,80.17,67,16,7.87,few clouds
390,Chulman,RU,56.8479,124.9104,64.33,77,83,2.1,light rain
391,Herat,AF,34.5,62.0,71.15,16,0,9.24,clear sky
392,Shimoda,JP,34.6667,138.95,73.76,88,88,4.81,overcast clouds
393,Douglas,US,41.3,-96.167,85.93,39,0,6.91,clear sky
394,Half Moon Bay,US,37.4636,-122.4286,83.03,65,75,13.8,broken clouds
395,Ostrovnoy,RU,68.0531,39.5131,50.52,76,99,13.09,overcast clouds
396,Boguchany,RU,58.3814,97.4531,65.97,46,97,5.41,overcast clouds
397,Petatlan,MX,17.5167,-101.2667,82.2,94,100,4.59,overcast clouds
398,Gombong,ID,-7.6072,109.5142,79.47,80,87,2.51,overcast clouds
399,Egvekinot,RU,66.3167,-179.1667,40.84,81,92,6.78,overcast clouds
400,Dali,CN,25.7,100.1833,66.6,87,100,4.9,overcast clouds
401,Khandyga,RU,62.6667,135.6,76.6,40,0,5.21,clear sky
402,Pahrump,US,36.2083,-115.9839,80.65,45,100,5.99,overcast clouds
403,Apac,UG,1.9756,32.5386,63.01,88,84,1.36,broken clouds
404,Jinxiang,CN,27.4327,120.6062,82.04,82,9,10.38,clear sky
405,Taiyuan,CN,37.8694,112.5603,75.06,69,0,4.47,clear sky
406,Samarai,PG,-10.6167,150.6667,79.45,83,99,15.93,light rain
407,Zaoyang,CN,32.1272,112.7542,76.78,94,100,5.48,overcast clouds
408,The Valley,AI,18.217,-63.0578,82.81,74,6,10.38,clear sky
409,Gushikawa,JP,26.3544,127.8686,87.8,74,20,12.66,few clouds
410,Piracuruca,BR,-3.9281,-41.7092,74.98,70,100,2.44,overcast clouds
411,Labuhan,ID,-6.8844,112.2051,79.72,77,99,7.92,overcast clouds
412,Amarpur,IN,25.0333,86.9,85.66,69,22,7.9,few clouds
413,Kargil,IN,34.5667,76.1,46.81,56,3,3.22,clear sky
414,Kozyatyn,UA,49.7143,28.8339,52.81,96,100,15.26,overcast clouds
415,Belyy Yar,RU,53.6039,91.3903,66.85,77,40,13.42,light rain
416,Catuday,PH,16.2923,119.8062,80.67,70,100,8.46,overcast clouds
417,Bilibino,RU,68.0546,166.4372,63.7,34,100,20.92,overcast clouds
418,Karratha,AU,-20.7377,116.8463,74.1,30,0,13.85,clear sky
419,Huarmey,PE,-10.0681,-78.1522,63.07,82,5,10.38,clear sky
420,Vila Franca Do Campo,PT,37.7167,-25.4333,64.2,84,94,9.78,overcast clouds
421,Kanye,BW,-24.9667,25.3327,50.11,71,86,15.39,overcast clouds
422,Brigantine,US,39.4101,-74.3646,65.19,93,100,10.36,overcast clouds
423,Lorengau,PG,-2.0226,147.2712,84.69,67,38,5.1,scattered clouds
424,Saint-Pierre,RE,-21.3393,55.4781,66.9,88,100,9.22,overcast clouds
425,Richards Bay,ZA,-28.783,32.0377,65.75,76,100,7.05,light rain
426,Tazovskiy,RU,67.4667,78.7,69.8,49,63,11.79,broken clouds
427,Hofn,IS,64.2539,-15.2082,45.99,56,100,9.84,overcast clouds
428,Seoul,KR,37.5683,126.9778,74.64,74,100,5.06,heavy intensity rain
429,Narasannapeta,IN,18.4167,84.05,82.09,76,100,3.65,overcast clouds
430,Biak,ID,-0.9131,122.8766,77.67,85,93,3.96,overcast clouds
431,Kieta,PG,-6.2167,155.6333,85.28,65,43,3.65,scattered clouds
432,Sangar,RU,63.9242,127.4739,73.09,38,8,14.32,clear sky
433,Hobyo,SO,5.3505,48.5268,77.41,79,100,23.51,overcast clouds
434,Celestun,MX,20.8667,-90.4,79.86,82,100,15.79,overcast clouds
435,Tuku,TW,23.6778,120.3926,89.46,58,13,8.32,few clouds
436,Kadaura,IN,25.9833,79.85,91.49,42,16,7.05,few clouds
437,Sorland,NO,67.667,12.6934,48.06,87,25,26.22,scattered clouds
438,Dawson Creek,CA,55.7666,-120.2362,62.46,48,3,8.12,clear sky
439,Kholmogory,RU,64.2229,41.656,46.45,83,14,2.75,few clouds
440,Enshi,CN,30.3,109.4833,77.81,95,100,2.01,overcast clouds
441,Nanakuli,US,21.3906,-158.1547,83.57,57,40,14.97,scattered clouds
442,Komsomolskiy,UZ,40.4272,71.7189,68.72,64,100,6.91,overcast clouds
443,Sabaudia,IT,41.3003,13.0282,75.78,85,1,8.88,clear sky
444,Kushiro,JP,42.975,144.3747,56.23,87,100,7.31,overcast clouds
445,Alyangula,AU,-13.8483,136.4192,79.9,63,14,17.34,few clouds
446,Kapoeta,SS,4.7717,33.5903,76.21,56,36,6.24,scattered clouds
447,Bandarbeyla,SO,9.4942,50.8122,77.4,78,100,27.16,overcast clouds
448,Sao Gabriel Da Cachoeira,BR,-0.1303,-67.0892,72.09,98,90,1.32,overcast clouds
449,Nabire,ID,-3.3667,135.4833,81.03,82,29,2.51,scattered clouds
450,Ndele,CF,8.4109,20.6473,68.38,96,33,1.95,light rain
451,Caucaia,BR,-3.7361,-38.6531,75.15,78,0,6.91,light rain
452,Ambilobe,MG,-13.2,49.05,61.99,86,0,4.12,clear sky
453,Vao,NC,-22.6667,167.4833,71.33,69,100,16.11,overcast clouds
454,Rawson,AR,-43.3002,-65.1023,36.45,49,1,6.13,clear sky
455,Sembe,CG,1.6481,14.5806,70.32,97,100,1.7,overcast clouds
456,Fort Nelson,CA,58.8053,-122.7002,55.42,95,100,3.06,light rain
457,Mount Gambier,AU,-37.8333,140.7667,55.31,88,75,16.11,broken clouds
458,Voyvozh,RU,62.892,54.9635,48.76,98,100,7.25,moderate rain
459,Saldanha,ZA,-33.0117,17.9442,59.18,91,3,5.08,light rain
460,Grindavik,IS,63.8424,-22.4338,45.07,87,75,17.27,light intensity drizzle
461,Port Hardy,CA,50.6996,-127.4199,54.05,72,19,17.05,few clouds
462,Bahia Honda,CU,22.9036,-83.1592,77.81,80,37,9.01,scattered clouds
463,Pala,TD,9.3642,14.9046,76.03,74,100,4.52,overcast clouds
464,Ust-Ordynskiy,RU,52.805,104.7508,66.13,51,7,2.75,clear sky
465,Raxaul,IN,26.9833,84.85,87.12,63,2,7.94,clear sky
466,Naze,JP,28.3667,129.4833,79.88,80,0,11.12,clear sky
467,Corumba,BR,-19.0092,-57.6533,74.44,50,5,3.85,clear sky
468,Along,IN,28.1667,94.7667,76.73,96,100,0.58,overcast clouds
469,Upata,VE,8.0086,-62.3989,74.19,96,89,4.09,overcast clouds
470,Heilbron,ZA,-27.2812,27.9709,46.38,86,99,15.95,overcast clouds
471,Venice,US,27.0998,-82.4543,86.02,60,100,6.91,overcast clouds
472,Aviemore,GB,57.1955,-3.8259,54.48,96,3,6.8,clear sky
473,Mabama,TZ,-5.1333,32.5333,59.07,52,0,4.59,clear sky
474,A Coruna,ES,43.3713,-8.396,61.52,89,100,3.0,overcast clouds
475,Remontnoye,RU,46.5614,43.6501,60.87,64,21,10.11,few clouds
476,Tateyama,JP,34.9833,139.8667,73.15,87,44,2.77,scattered clouds
477,Florianopolis,BR,-27.6146,-48.5012,61.83,88,100,5.75,overcast clouds
478,Boshnyakovo,RU,49.6333,142.1667,58.62,75,100,10.07,overcast clouds
479,Saint-Georges,GD,12.0564,-61.7485,79.09,83,80,11.01,broken clouds
480,Botelhos,BR,-21.6333,-46.395,57.56,74,2,1.99,clear sky
481,Rio Claro,BR,-22.4114,-47.5614,65.3,58,6,5.19,clear sky
482,Vostok,RU,46.4856,135.8833,66.79,68,100,4.16,moderate rain
483,Serra,BR,-20.1286,-40.3078,72.86,88,40,5.75,scattered clouds
484,Satun,TH,6.8333,100.0,78.8,94,100,0.98,overcast clouds
485,Buraydah,SA,26.326,43.975,84.34,17,92,10.33,light rain
486,Surt,LY,31.2089,16.5887,74.53,73,0,7.25,clear sky
487,Vysokogornyy,RU,50.1167,139.15,73.2,57,98,1.97,overcast clouds
488,Male,MV,4.1748,73.5089,82.9,74,100,8.93,overcast clouds
489,Khunti,IN,23.0833,85.2833,75.67,80,84,1.23,broken clouds
490,Scottsbluff,US,41.8666,-103.6672,88.03,26,0,19.57,clear sky
491,Makat,KZ,47.6469,53.3463,80.53,37,69,9.66,broken clouds
492,Nelson Bay,AU,-32.7167,152.15,59.0,71,54,8.01,broken clouds
493,San Luis,AR,-33.295,-66.3356,40.44,75,70,8.52,broken clouds
494,Xichang,CN,27.8964,102.2634,68.95,96,100,1.77,heavy intensity rain
495,Chalus,IR,36.655,51.4204,75.67,65,0,13.18,clear sky
496,Kampong Cham,KH,11.9934,105.4635,81.61,81,99,1.88,overcast clouds
497,Omboue,GA,-1.5746,9.2618,68.92,89,12,5.84,few clouds
498,Lodja,CD,-3.4833,23.4333,74.57,57,85,0.47,overcast clouds
499,Gaoua,BF,10.2992,-3.2508,73.06,87,100,1.77,overcast clouds
500,Luau,AO,-10.7073,22.2247,56.05,52,0,4.54,clear sky
501,Mazagao,BR,-0.115,-51.2894,78.85,93,5,2.77,clear sky
502,Serenje,ZM,-13.2325,30.2352,47.16,92,0,6.31,clear sky
503,Sao Miguel Do Araguaia,BR,-13.275,-50.1628,73.15,45,7,1.97,clear sky
504,Lakes Entrance,AU,-37.8811,147.981,63.16,62,100,8.99,overcast clouds
505,Saint Anthony,US,45.0205,-93.218,82.33,43,0,8.05,clear sky
506,Wasilla,US,61.5814,-149.4394,81.66,44,20,9.22,few clouds
507,Xai-Xai,MZ,-25.0519,33.6442,66.24,70,73,5.03,broken clouds
508,Venado Tuerto,AR,-33.7456,-61.9688,39.76,52,100,6.62,overcast clouds
509,Havre-Saint-Pierre,CA,50.2334,-63.5986,55.04,80,100,15.75,overcast clouds
510,Cartagena,CO,10.3997,-75.5144,82.02,89,40,5.75,scattered clouds
511,Asau,RO,46.4333,26.4,52.72,77,42,5.23,scattered clouds
512,Flinders,AU,-34.5833,150.8552,63.18,61,94,3.0,overcast clouds
513,The Pas,CA,53.8251,-101.2541,60.82,88,100,2.3,overcast clouds
514,East London,ZA,-33.0153,27.9116,62.26,80,100,10.54,overcast clouds
515,Mindelo,CV,16.8901,-24.9804,76.55,83,75,13.8,broken clouds
516,Teacapan,MX,22.55,-105.75,82.33,76,100,6.71,overcast clouds
517,Strezhevoy,RU,60.7333,77.5889,60.48,78,100,5.08,overcast clouds
518,Bam,IR,29.106,58.357,86.58,23,46,8.41,scattered clouds
519,Mishkino,RU,55.3389,63.9175,57.15,89,1,9.08,clear sky
520,Nova Olinda Do Norte,BR,-3.8881,-59.0942,77.05,68,76,1.21,broken clouds
521,Khakhea,BW,-24.6895,23.494,53.91,58,99,5.61,overcast clouds
522,Noyabrsk,RU,63.1994,75.4507,63.5,83,99,5.41,light rain
523,Tabou,CI,4.423,-7.3528,77.74,84,93,10.11,light rain
524,Amahai,ID,-3.3333,128.9167,82.15,75,85,1.14,overcast clouds
525,San Lorenzo,PY,-25.3333,-57.5333,58.14,94,100,10.36,overcast clouds
526,Atherton,GB,53.5237,-2.4935,59.22,84,32,2.51,scattered clouds
527,Mackenzie,CA,55.2999,-123.1698,58.62,33,69,6.53,broken clouds
528,Mount Isa,AU,-20.7333,139.5,71.37,33,0,14.97,clear sky
529,Tura,IN,25.5198,90.2201,76.15,92,100,5.91,overcast clouds
530,Carutapera,BR,-1.195,-46.02,73.67,94,86,5.1,overcast clouds
531,Lesozavodsk,RU,45.4794,133.4244,66.72,82,100,5.77,overcast clouds
532,Mahanoro,MG,-19.9,48.8,61.59,86,24,7.65,few clouds
533,Goure,NE,13.9835,10.2704,88.02,40,37,8.7,scattered clouds
534,Sao Jose Da Coroa Grande,BR,-8.8978,-35.1478,74.21,96,100,7.63,overcast clouds
535,Lampang,TH,18.3333,99.5,78.89,73,100,2.13,overcast clouds
536,Las Lomas,PA,8.4333,-82.4,76.41,94,40,3.44,scattered clouds
537,Raipur,IN,21.2333,81.6333,78.94,94,75,2.3,mist
538,Portree,GB,57.4129,-6.1942,52.52,97,100,12.01,overcast clouds
539,Kota Kinabalu,MY,5.9749,116.0724,84.18,74,20,2.3,few clouds
540,Harrai,IN,22.6167,79.2167,79.3,72,9,2.37,clear sky
541,Puerto Del Rosario,ES,28.5004,-13.8627,69.55,68,75,8.05,broken clouds
542,Gat,IL,31.61,34.7642,74.08,100,2,3.06,clear sky
543,Ekibastuz,KZ,51.6667,75.3667,70.77,49,0,14.2,clear sky
544,Roma,US,43.2128,-75.4557,67.87,78,100,12.66,overcast clouds
545,Hauterive,FR,46.0901,3.4459,66.96,96,65,3.04,broken clouds
546,Puerto Suarez,BO,-18.95,-57.8,76.03,48,5,4.7,clear sky
547,Lerwick,GB,60.1545,-1.1494,51.8,95,100,20.62,overcast clouds
548,Padang,ID,-0.9492,100.3543,75.25,80,100,2.95,overcast clouds
549,Daru,PG,-9.0763,143.2092,78.64,88,78,19.73,broken clouds
550,Santo Domingo,DO,18.5001,-69.9886,83.03,77,100,3.0,overcast clouds
551,Syamzha,RU,60.0158,41.0614,44.87,90,3,4.25,clear sky
552,La Grande,US,45.3246,-118.0877,83.01,46,23,8.39,few clouds
553,Talaya,RU,61.3833,152.75,67.46,50,100,15.14,overcast clouds
554,Nanortalik,GL,60.1432,-45.2371,40.96,79,0,16.28,clear sky
555,Itoman,JP,26.1247,127.6694,88.57,77,20,12.66,few clouds
556,Coffs Harbour,AU,-30.3,153.1333,64.36,45,0,6.91,clear sky
557,Rio Brilhante,BR,-21.8019,-54.5464,71.28,62,4,6.96,clear sky
558,Santa Cruz,BO,-17.8,-63.1667,74.66,78,20,9.22,few clouds
559,Abha,SA,18.2164,42.5053,66.45,88,0,6.91,clear sky
560,Carballo,ES,43.213,-8.691,60.49,93,99,2.19,overcast clouds
561,Honiara,SB,-9.4333,159.95,86.52,64,18,4.45,few clouds
562,Wajima,JP,37.4,136.9,74.59,82,100,10.65,overcast clouds
563,Calvinia,ZA,-31.4707,19.776,50.11,93,100,5.44,overcast clouds
564,Tupiza,BO,-21.45,-65.7167,44.28,9,0,9.55,clear sky
565,Launceston,AU,-41.45,147.1667,55.15,93,75,14.97,broken clouds
566,San Policarpo,PH,12.1791,125.5072,81.97,79,100,6.11,overcast clouds
567,Pacifica,US,37.6138,-122.4869,78.73,77,75,13.8,broken clouds
568,Hutchinson,US,38.0608,-97.9298,74.75,93,0,0.0,clear sky
569,Salinas,US,36.6777,-121.6555,74.98,67,0,16.11,haze
570,Aksarka,RU,66.5606,67.7975,64.89,75,1,10.45,clear sky
571,Kotovo,RU,50.3211,44.8012,62.4,83,100,0.83,light rain
572,Mareeba,AU,-17.0,145.4333,73.49,68,0,9.35,clear sky
573,Kifri,IQ,34.6959,44.9661,81.9,35,0,5.28,clear sky
574,Poum,NC,-20.2333,164.0167,72.82,59,100,3.87,overcast clouds
575,Ndola,ZM,-12.9587,28.6366,51.55,83,0,4.23,clear sky
576,Kavaratti,IN,10.5669,72.642,81.97,79,100,18.57,overcast clouds
577,Hastings,GB,50.8552,0.5729,61.32,85,7,9.37,clear sky
578,Basco,PH,20.4487,121.9702,85.35,75,98,13.98,overcast clouds
579,Omsukchan,RU,62.5333,155.8,50.49,83,100,11.48,overcast clouds
580,Nawa,IN,27.0167,75.0,84.42,56,0,5.84,clear sky
581,Watertown,US,42.3709,-71.1828,63.95,85,40,10.36,scattered clouds
582,Altagracia De Orituco,VE,9.8601,-66.3814,72.64,91,63,2.98,broken clouds
583,Hami,CN,42.8,93.45,90.84,9,43,4.07,scattered clouds
584,Akureyri,IS,65.6835,-18.0878,38.52,85,80,5.68,broken clouds
585,Markova,UA,48.6758,24.4138,52.48,79,100,4.32,overcast clouds
586,Newport,GB,51.5877,-2.9984,64.69,77,0,6.42,clear sky
587,Maragogi,BR,-9.0122,-35.2225,73.53,97,100,7.87,overcast clouds
588,San Juan,AR,-31.5375,-68.5364,42.49,58,90,5.91,overcast clouds
589,Nhulunbuy,AU,-12.2333,136.7667,79.41,73,75,14.97,broken clouds
590,Kyzyl-Suu,KG,42.3414,78.0056,63.55,59,100,4.0,overcast clouds
591,Batagay-Alyta,RU,67.8006,130.4114,53.1,59,99,3.18,overcast clouds
592,Tromso,NO,69.6496,18.957,48.22,71,75,2.3,broken clouds
593,Betanzos,ES,43.2804,-8.2147,61.72,87,100,2.3,overcast clouds
594,Matadi,CD,-5.8167,13.45,67.03,92,4,3.15,clear sky
595,Vorona,RO,47.5967,26.6448,64.11,73,50,7.0,scattered clouds
596,Buguruslan,RU,53.6554,52.442,62.65,92,85,4.38,overcast clouds
597,Loralai,PK,30.3705,68.598,67.24,66,0,2.3,clear sky
598,Tiarei,PF,-17.5333,-149.3333,80.62,71,16,11.03,few clouds
599,Mzimba,MW,-11.9,33.6,52.56,88,3,9.17,clear sky
600,Rocha,UY,-34.4833,-54.3333,47.88,86,100,9.53,moderate rain
601,Yongan,CN,39.6957,113.6871,73.47,45,0,4.92,clear sky
602,Eydhafushi,MV,5.1033,73.0708,82.67,75,100,11.05,overcast clouds
603,Marsa Matruh,EG,31.3525,27.2453,73.89,88,0,13.58,clear sky
604,Severo-Yeniseyskiy,RU,60.3725,93.0408,67.75,43,10,8.63,clear sky
605,Kununurra,AU,-15.7667,128.7333,76.98,31,95,12.66,overcast clouds
606,Sabanagrande,CO,10.7912,-74.7606,82.49,83,20,5.75,few clouds
607,Rehburg-Loccum,DE,52.4667,9.2,61.05,74,20,1.14,few clouds
608,Oparino,RU,59.8518,48.2783,50.56,99,100,4.16,overcast clouds
609,Gigmoto,PH,13.7796,124.39,83.75,75,93,2.08,overcast clouds
610,Gatton,AU,-27.55,152.2833,69.64,54,0,0.94,clear sky
611,Moose Factory,CA,51.2585,-80.6094,61.2,63,85,5.14,overcast clouds
612,Dongsheng,CN,39.8161,109.9776,77.92,33,0,19.8,clear sky
613,High Rock,BS,26.6208,-78.2833,73.42,60,100,10.96,overcast clouds
614,Santa Marta,CO,11.2408,-74.199,79.56,84,100,11.56,overcast clouds
615,Oistins,BB,13.0667,-59.5333,80.69,83,40,13.8,scattered clouds
616,Ruwi,OM,23.5996,58.5507,91.09,70,6,5.99,clear sky
617,Hamilton,US,39.1834,-84.5333,76.64,94,20,8.05,few clouds
618,Walvis Bay,NA,-22.9575,14.5053,50.09,71,0,6.51,clear sky
619,Saint-Augustin,CA,51.226,-58.6502,50.95,87,100,13.98,overcast clouds
620,Bonavista,CA,48.6499,-53.1147,52.72,85,96,9.19,overcast clouds
621,Caldas Da Rainha,PT,39.4033,-9.1384,60.51,93,11,1.01,few clouds
622,Warrington,GB,53.3925,-2.5802,59.79,81,48,4.61,scattered clouds
623,Slonim,BY,53.0867,25.3219,51.33,90,18,5.41,few clouds
624,Banjar,ID,-8.19,114.9675,82.71,70,99,2.39,overcast clouds
625,Nurota,UZ,40.5614,65.6886,77.54,29,8,5.79,clear sky
626,Salas,ES,43.4118,-6.2602,58.57,98,100,1.74,overcast clouds
627,Champerico,GT,14.3,-91.9167,80.31,79,57,9.48,broken clouds
628,Paso De Los Toros,UY,-32.8167,-56.5167,44.11,91,100,12.33,overcast clouds
629,Nanning,CN,22.8167,108.3167,83.62,78,27,10.36,scattered clouds
630,Sisimiut,GL,66.9395,-53.6735,37.36,85,45,3.74,scattered clouds
631,Blagoyevo,RU,63.3667,47.9167,50.76,67,100,4.09,overcast clouds
632,Port Blair,IN,11.6667,92.75,82.63,78,74,9.33,broken clouds
633,Zhuanghe,CN,39.7008,122.9911,68.65,99,100,4.74,overcast clouds
634,Vanimo,PG,-2.6741,141.3028,85.32,65,1,5.86,clear sky
635,Ambon,ID,-3.6954,128.1814,80.74,83,40,3.44,light rain
636,Garmsar,IR,35.2182,52.3409,83.71,10,0,6.29,clear sky
637,Dhidhdhoo,MV,6.8833,73.1,82.85,72,100,13.11,overcast clouds
638,Itubera,BR,-13.7322,-39.1492,69.42,96,39,3.31,scattered clouds
639,Atar,MR,20.5169,-13.0499,91.85,32,5,10.18,clear sky
640,Terrak,NO,65.087,12.3715,51.67,97,100,8.84,light rain
641,Zlatna,RO,46.1167,23.2167,56.26,54,100,2.73,overcast clouds
642,Monster,NL,52.0258,4.175,63.99,77,5,5.01,clear sky
643,Batemans Bay,AU,-35.7167,150.1833,58.98,51,100,3.44,overcast clouds
644,Banda Aceh,ID,5.5577,95.3222,79.29,83,100,14.74,light rain
645,Suratgarh,IN,29.3167,73.9,84.58,58,1,7.0,clear sky
646,Sorong,ID,-0.8833,131.25,83.5,70,38,3.69,scattered clouds
647,Beloha,MG,-25.1667,45.05,59.61,68,3,9.91,clear sky
648,Berlevag,NO,70.8578,29.0864,42.8,81,0,3.44,clear sky
649,Belmonte,BR,-15.8631,-38.8828,72.43,88,15,5.95,few clouds
650,Chimbote,PE,-9.0853,-78.5783,62.33,83,0,8.57,clear sky
651,Caravelas,BR,-17.7125,-39.2481,70.77,89,6,4.52,clear sky
652,Gizo,SB,-8.103,156.8419,84.56,68,91,5.97,overcast clouds
653,Zarya,RU,55.7553,38.0958,55.78,84,0,7.29,clear sky
654,Kpandae,GH,8.4689,-0.0113,72.43,92,100,3.85,overcast clouds
655,Kropotkin,RU,45.4375,40.5756,59.2,71,34,7.65,scattered clouds
656,Tornio,FI,65.8481,24.1466,51.82,83,100,9.69,overcast clouds
657,Pierre,US,44.3683,-100.351,87.06,37,0,12.66,clear sky
658,Mitu,CO,1.1983,-70.1733,71.96,95,100,1.28,overcast clouds
659,Bereda,ES,43.2686,-7.5406,56.14,100,98,2.13,overcast clouds
660,Merauke,ID,-8.4667,140.3333,80.58,80,100,15.84,overcast clouds
661,Nowy Dwor Gdanski,PL,54.2131,19.1177,53.37,86,9,2.71,clear sky
662,Mandera,KE,3.9366,41.867,77.05,65,100,17.76,overcast clouds
663,Uige,AO,-7.6087,15.0613,62.55,96,42,1.79,scattered clouds
664,Acapulco,MX,16.8634,-99.8901,76.82,88,100,13.8,drizzle
665,Jizan,SA,17.3333,42.6667,87.33,63,90,3.56,overcast clouds
666,Cabra,ES,37.4725,-4.4421,62.65,78,0,3.24,clear sky
667,Mildura,AU,-34.2,142.15,59.07,80,100,14.83,overcast clouds
668,Neryungri,RU,56.6709,124.6491,62.89,77,96,1.01,light rain
669,Castra-Nova,RO,44.1167,24.0167,64.94,52,43,5.48,light rain
670,Intipuca,SV,13.1969,-88.0544,74.82,91,100,3.98,overcast clouds
671,Jiayuguan,CN,39.8167,98.3,79.43,25,5,11.18,clear sky
672,Rongcheng,CN,30.634,117.8517,86.72,67,98,6.67,overcast clouds
673,Bratsk,RU,56.1325,101.6142,60.35,61,42,2.95,scattered clouds
674,Shizunai,JP,42.3339,142.3669,58.73,87,100,10.94,light rain
675,Waverly,US,42.7392,-84.6208,80.15,41,0,9.22,clear sky
676,Pisco,PE,-13.7,-76.2167,62.65,77,100,10.36,overcast clouds
677,Burnie,AU,-41.0667,145.9167,56.91,88,100,17.22,light rain
678,Yagodnoye,RU,62.55,149.6667,67.86,58,100,5.73,light rain
679,Shitanjing,CN,39.2342,106.3439,78.33,32,0,4.38,clear sky
680,Dandong,CN,40.1292,124.3947,68.7,95,100,8.88,moderate rain
681,Jumla,NP,29.2747,82.1838,61.0,88,86,2.44,overcast clouds
682,Banepa,NP,27.6298,85.5214,70.12,88,75,3.44,broken clouds
683,Luanda,AO,-8.8368,13.2343,65.93,89,13,5.97,few clouds
684,Tourlaville,FR,49.6383,-1.5664,60.22,72,0,6.91,clear sky
685,Gusau,NG,12.1628,6.6614,80.2,61,44,8.39,scattered clouds
686,Arlit,NE,18.7369,7.3853,90.48,24,9,4.59,clear sky
687,Camara De Lobos,PT,32.6333,-16.9667,66.83,75,20,8.01,few clouds
688,Wentzville,US,38.8114,-90.8529,85.05,66,21,5.3,few clouds
689,Muroto,JP,33.2833,134.15,78.1,82,1,8.03,clear sky
690,Ozernovskiy,RU,51.5,156.5167,47.44,93,99,14.32,overcast clouds
691,Khani,GE,41.9563,42.9566,54.97,93,18,2.95,few clouds
692,Praia Da Vitoria,PT,38.7333,-27.0667,65.75,82,100,11.9,overcast clouds
693,Urk,NL,52.6625,5.6014,61.95,89,4,10.16,clear sky
694,Eureka,US,40.8021,-124.1637,68.2,73,10,7.0,clear sky
695,Nador,MA,35.174,-2.9287,71.85,53,0,9.22,clear sky
696,Makasar,ID,-5.14,119.4221,78.85,89,20,3.44,few clouds
697,Tukrah,LY,32.5341,20.5791,73.35,78,0,5.48,clear sky
698,Comodoro Rivadavia,AR,-45.8667,-67.5,28.26,74,0,4.61,clear sky
699,Ilo,PE,-17.6394,-71.3375,61.66,77,75,5.75,broken clouds
700,Bridlington,GB,54.0831,-0.1919,60.89,85,27,8.12,scattered clouds
701,Tacuati,PY,-23.45,-56.5833,70.43,84,100,6.62,overcast clouds
702,Phangnga,TH,8.4509,98.5298,78.84,89,94,1.48,overcast clouds
703,Chapais,CA,49.7834,-74.8492,59.63,84,19,7.14,few clouds
